,City,Location,Cuisine,Ratings,No. of Reviews,Price
0,0,11,6,4.1,3083.0,400.0
1,0,11,28,4.1,3083.0,400.0
2,0,11,23,4.1,3083.0,400.0
3,0,11,18,4.1,3083.0,400.0
4,0,9,39,4.3,40000.0,400.0
5,0,9,10,4.3,40000.0,400.0
6,0,9,29,4.3,40000.0,400.0
7,0,9,15,4.3,40000.0,400.0
8,0,9,40,4.3,40000.0,400.0
9,0,9,5,4.3,40000.0,400.0
10,0,9,13,4.3,40000.0,400.0
11,0,9,6,4.3,900.0,400.0
12,0,9,23,4.3,900.0,400.0
13,0,9,28,4.3,900.0,400.0
14,0,6,4,4.3,9438.0,400.0
15,0,6,10,4.3,9438.0,400.0
16,0,6,15,4.3,9438.0,400.0
17,0,6,5,4.3,9438.0,400.0
18,0,7,29,3.9,20000.0,400.0
19,0,7,28,3.9,20000.0,400.0
20,0,7,10,3.9,20000.0,400.0
21,0,7,37,3.9,20000.0,400.0
22,0,5,29,4.0,33000.0,400.0
23,0,5,10,4.0,33000.0,400.0
24,0,5,13,4.0,33000.0,400.0
25,0,5,15,4.0,33000.0,400.0
26,0,5,38,4.0,33000.0,400.0
27,0,0,33,3.8,343.0,400.0
28,0,0,15,3.8,343.0,400.0
29,0,9,29,4.3,11000.0,400.0
30,0,9,40,4.3,11000.0,400.0
31,0,1,29,3.6,1851.0,400.0
32,0,1,10,3.6,1851.0,400.0
33,0,6,29,4.2,54000.0,100.0
34,0,6,13,4.2,54000.0,100.0
35,0,3,40,4.4,22000.0,100.0
36,0,9,29,4.2,7092.0,100.0
37,0,9,7,4.3,7229.0,100.0
38,0,9,15,4.3,7229.0,100.0
39,0,9,5,4.3,7229.0,100.0
40,0,9,29,3.9,15000.0,100.0
41,0,9,6,3.9,15000.0,100.0
42,0,9,10,3.9,15000.0,100.0
43,0,9,15,3.9,15000.0,100.0
44,0,9,5,3.9,15000.0,100.0
45,0,9,13,3.9,15000.0,100.0
46,0,9,29,4.1,12000.0,100.0
47,0,9,13,4.1,12000.0,100.0
48,0,9,5,4.1,12000.0,100.0
49,0,9,6,4.1,12000.0,100.0
50,0,9,12,4.1,12000.0,100.0
51,0,0,34,3.8,8701.0,100.0
52,0,0,29,3.8,8701.0,100.0
53,0,0,29,4.0,43000.0,100.0
54,0,0,15,4.0,43000.0,100.0
55,0,0,39,4.0,43000.0,100.0
56,0,0,10,4.0,43000.0,100.0
57,0,0,13,4.0,43000.0,100.0
58,0,9,7,4.2,20000.0,100.0
59,0,9,15,4.2,20000.0,100.0
60,0,9,5,4.2,20000.0,100.0
61,0,1,29,3.7,6275.0,100.0
62,0,1,10,3.7,6275.0,100.0
63,0,1,5,3.7,6275.0,100.0
64,0,1,3,3.7,6275.0,100.0
65,0,1,15,3.7,6275.0,100.0
66,0,5,15,4.1,6795.0,100.0
67,0,5,33,4.1,6795.0,100.0
68,0,5,10,4.1,6795.0,100.0
69,0,5,13,4.1,6795.0,100.0
70,0,5,5,4.1,6795.0,100.0
71,0,5,29,4.3,27000.0,100.0
72,0,5,5,4.3,27000.0,100.0
73,0,9,29,4.0,6502.0,200.0
74,0,5,29,3.9,11000.0,200.0
75,0,6,26,4.0,29000.0,200.0
76,0,6,40,4.0,29000.0,200.0
77,0,6,15,4.0,29000.0,200.0
78,0,6,13,4.0,29000.0,200.0
79,0,0,33,4.2,1213.0,200.0
80,0,0,15,4.2,1213.0,200.0
81,0,0,5,4.2,1213.0,200.0
82,0,9,29,3.9,25000.0,200.0
83,0,9,10,3.9,25000.0,200.0
84,0,1,15,4.1,4788.0,200.0
85,0,1,7,4.1,4788.0,200.0
86,0,1,5,4.1,4788.0,200.0
87,0,0,29,4.0,7537.0,200.0
88,0,9,10,4.1,3436.0,200.0
89,0,9,15,4.1,3436.0,200.0
90,0,9,33,4.1,3436.0,200.0
91,0,5,39,3.9,17000.0,200.0
92,0,5,29,3.9,17000.0,200.0
93,0,5,10,3.9,17000.0,200.0
94,0,5,15,3.9,17000.0,200.0
95,0,5,13,3.9,17000.0,200.0
96,0,5,5,3.9,17000.0,200.0
97,0,5,26,4.1,9555.0,200.0
98,0,5,29,4.1,9555.0,200.0
99,0,5,39,4.1,9555.0,200.0
100,0,5,15,4.1,9555.0,200.0
101,0,5,10,4.1,9555.0,200.0
102,0,5,40,4.1,9555.0,200.0
103,0,5,5,4.1,9555.0,200.0
104,0,5,33,4.0,5636.0,200.0
105,0,5,15,4.0,5636.0,200.0
106,0,5,13,4.0,5636.0,200.0
107,0,7,10,4.0,2159.0,200.0
108,0,7,29,4.0,2159.0,200.0
109,0,7,12,4.0,2159.0,200.0
110,0,7,30,4.0,2159.0,200.0
111,0,7,15,4.0,2159.0,200.0
112,0,7,13,4.0,2159.0,200.0
113,0,7,5,4.0,2159.0,200.0
114,0,9,29,4.1,7554.0,100.0
115,0,9,7,4.2,2531.0,100.0
116,0,9,15,4.2,2531.0,100.0
117,0,9,5,4.2,2531.0,100.0
118,0,9,13,4.2,2531.0,100.0
119,0,0,29,4.3,747.0,100.0
120,0,0,40,4.3,747.0,100.0
121,0,0,13,4.4,1311.0,100.0
122,0,0,19,4.4,1311.0,100.0
123,0,0,5,4.4,1311.0,100.0
124,0,9,40,4.2,800.0,100.0
125,0,6,17,4.1,4925.0,100.0
126,0,6,36,4.1,4925.0,100.0
127,0,6,35,4.1,4925.0,100.0
128,0,6,15,4.1,4925.0,100.0
129,0,6,46,4.1,4925.0,100.0
130,0,6,5,4.1,4925.0,100.0
131,0,3,29,4.1,6741.0,100.0
132,0,3,10,4.1,6741.0,100.0
133,0,0,7,4.1,32000.0,100.0
134,0,0,15,4.1,32000.0,100.0
135,0,0,10,4.1,32000.0,100.0
136,0,0,5,4.1,32000.0,100.0
137,0,0,17,4.2,1550.0,100.0
138,0,0,36,4.2,1550.0,100.0
139,0,0,35,4.2,1550.0,100.0
140,0,0,20,4.2,1550.0,100.0
141,0,0,46,4.2,1550.0,100.0
142,0,0,13,4.2,1550.0,100.0
143,0,0,5,4.2,1550.0,100.0
144,0,0,38,4.2,1550.0,100.0
145,0,9,5,4.2,10000.0,100.0
146,0,9,7,4.2,10000.0,100.0
147,0,9,10,4.2,10000.0,100.0
148,0,9,39,4.2,10000.0,100.0
149,0,9,15,4.2,10000.0,100.0
150,0,9,33,4.2,10000.0,100.0
151,0,9,13,4.2,10000.0,100.0
152,0,7,33,3.9,473.0,100.0
153,0,7,15,3.9,473.0,100.0
154,0,9,29,3.5,13000.0,100.0
155,0,9,10,3.5,13000.0,100.0
156,0,9,15,4.2,10000.0,200.0
157,0,9,10,4.2,10000.0,200.0
158,0,9,33,4.2,10000.0,200.0
159,0,9,39,4.2,10000.0,200.0
160,0,9,5,4.2,10000.0,200.0
161,0,5,10,4.2,3004.0,200.0
162,0,5,37,4.2,3004.0,200.0
163,0,5,21,4.2,3004.0,200.0
164,0,5,5,4.2,3004.0,200.0
165,0,5,41,4.2,3004.0,200.0
166,0,5,29,4.0,11000.0,200.0
167,0,5,10,4.0,11000.0,200.0
168,0,5,37,4.0,11000.0,200.0
169,0,5,13,4.0,11000.0,200.0
170,0,5,5,4.0,11000.0,200.0
171,0,5,2,4.0,11000.0,200.0
172,0,5,29,4.1,35000.0,200.0
173,0,5,10,4.1,35000.0,200.0
174,0,5,15,4.1,35000.0,200.0
175,0,5,29,4.0,13000.0,200.0
176,0,5,28,4.0,13000.0,200.0
177,0,9,29,4.0,781.0,200.0
178,0,9,13,4.0,781.0,200.0
179,0,11,10,3.9,1303.0,200.0
180,0,11,25,3.9,1303.0,200.0
181,0,11,20,3.9,1303.0,200.0
182,0,11,7,3.9,1303.0,200.0
183,0,11,27,3.9,1303.0,200.0
184,0,11,15,3.9,1303.0,200.0
185,0,11,0,3.9,1303.0,200.0
186,0,11,40,3.9,1303.0,200.0
187,0,5,15,3.9,3351.0,200.0
188,0,5,29,3.9,3351.0,200.0
189,0,5,34,3.9,3351.0,200.0
190,0,5,10,3.9,3351.0,200.0
191,0,5,35,4.0,5447.0,200.0
192,0,5,15,4.0,5447.0,200.0
193,0,5,5,4.0,5447.0,200.0
194,0,9,39,4.0,5634.0,200.0
195,0,9,10,4.0,5634.0,200.0
196,0,9,29,4.0,5634.0,200.0
197,0,9,15,4.1,1297.0,200.0
198,0,9,40,4.1,1297.0,200.0
199,0,5,40,4.2,22000.0,200.0
200,0,5,39,4.2,22000.0,200.0
201,0,5,13,4.2,22000.0,200.0
202,0,7,35,4.2,30000.0,300.0
203,0,7,17,4.2,30000.0,300.0
204,0,7,36,4.2,30000.0,300.0
205,0,7,29,4.2,30000.0,300.0
206,0,5,7,4.3,1058.0,300.0
207,0,5,32,4.3,1058.0,300.0
208,0,5,20,4.3,1058.0,300.0
209,0,5,15,4.3,1058.0,300.0
210,0,5,17,4.3,1058.0,300.0
211,0,5,5,4.3,1058.0,300.0
212,0,4,33,4.1,4287.0,300.0
213,0,4,15,4.1,4287.0,300.0
214,0,4,7,4.1,4287.0,300.0
215,0,4,5,4.1,4287.0,300.0
216,0,5,13,4.2,10000.0,300.0
217,0,5,45,4.2,10000.0,300.0
218,0,5,15,4.1,6079.0,300.0
219,0,5,7,4.1,6079.0,300.0
220,0,5,32,4.1,6079.0,300.0
221,0,5,5,4.1,6079.0,300.0
222,0,9,29,3.9,7852.0,300.0
223,0,11,33,3.7,4322.0,300.0
224,0,11,20,3.7,4322.0,300.0
225,0,11,10,3.7,4322.0,300.0
226,0,11,5,3.7,4322.0,300.0
227,0,11,32,3.7,4322.0,300.0
228,0,11,3,3.7,4322.0,300.0
229,0,5,34,4.2,2862.0,300.0
230,0,5,6,4.2,2862.0,300.0
231,0,5,29,4.2,2862.0,300.0
232,0,5,5,4.2,2862.0,300.0
233,0,5,24,4.2,2862.0,300.0
234,0,4,29,4.1,14000.0,300.0
235,0,4,39,4.1,14000.0,300.0
236,0,7,10,4.0,3796.0,300.0
237,0,7,15,4.0,3796.0,300.0
238,0,7,27,4.0,3796.0,300.0
239,0,7,7,4.0,3796.0,300.0
240,0,7,17,4.2,5973.0,300.0
241,0,7,15,4.2,5973.0,300.0
242,0,7,29,4.2,5973.0,300.0
243,0,7,5,4.2,5973.0,300.0
244,0,7,35,4.2,5973.0,300.0
245,0,7,38,4.2,5973.0,300.0
246,0,10,8,4.5,1127.0,300.0
247,0,10,15,4.5,1127.0,300.0
248,0,10,5,4.5,1127.0,300.0
249,0,10,38,4.5,1127.0,300.0
250,0,6,29,3.6,1005.0,200.0
251,0,6,28,3.6,1005.0,200.0
252,0,6,6,3.6,1005.0,200.0
253,0,5,33,4.2,1003.0,200.0
254,0,5,5,4.2,1003.0,200.0
255,0,5,15,4.2,1003.0,200.0
256,0,5,20,4.2,1003.0,200.0
257,0,5,38,4.2,1003.0,200.0
258,0,0,29,3.9,12000.0,200.0
259,0,0,39,3.9,12000.0,200.0
260,0,0,10,3.9,12000.0,200.0
261,0,0,15,3.9,12000.0,200.0
262,0,0,5,3.9,12000.0,200.0
263,0,9,33,4.4,5633.0,200.0
264,0,9,15,4.4,5633.0,200.0
265,0,9,13,4.4,5633.0,200.0
266,0,9,5,4.4,5633.0,200.0
267,0,9,26,4.3,11000.0,200.0
268,0,9,15,4.3,11000.0,200.0
269,0,9,40,4.3,11000.0,200.0
270,0,11,15,4.5,619.0,200.0
271,0,11,36,4.5,619.0,200.0
272,0,11,5,4.5,619.0,200.0
273,0,11,38,4.5,619.0,200.0
274,0,5,29,3.8,4062.0,200.0
275,0,5,6,3.8,4062.0,200.0
276,0,5,28,3.8,4062.0,200.0
277,0,5,3,3.8,4062.0,200.0
278,0,7,29,3.9,14000.0,200.0
279,0,7,10,3.9,14000.0,200.0
280,0,7,15,3.9,14000.0,200.0
281,0,7,28,3.9,14000.0,200.0
282,0,1,8,4.3,705.0,200.0
283,0,1,33,4.3,705.0,200.0
284,0,1,15,4.3,705.0,200.0
285,0,1,5,4.3,705.0,200.0
286,0,1,13,4.3,705.0,200.0
287,0,0,29,4.2,2123.0,200.0
288,0,0,10,4.2,2123.0,200.0
289,0,9,33,3.8,1738.0,200.0
290,0,9,15,3.8,1738.0,200.0
291,0,9,13,3.8,1738.0,200.0
292,0,0,29,3.9,21000.0,200.0
293,0,0,28,3.9,21000.0,200.0
294,0,0,10,3.9,21000.0,200.0
295,0,0,23,3.9,21000.0,200.0
296,0,0,6,3.9,21000.0,200.0
297,0,9,13,4.3,18000.0,50.0
298,0,9,19,4.3,18000.0,50.0
299,0,4,29,4.1,2458.0,50.0
300,0,4,10,4.1,2458.0,50.0
301,0,4,15,4.1,2458.0,50.0
302,0,4,5,4.1,2458.0,50.0
303,0,4,13,4.1,2458.0,50.0
304,0,9,40,4.3,557.0,50.0
305,0,9,29,4.0,15000.0,50.0
306,0,9,28,4.0,15000.0,50.0
307,0,9,10,4.0,15000.0,50.0
308,0,9,5,4.0,15000.0,50.0
309,0,9,13,4.0,15000.0,50.0
310,0,0,29,3.8,25000.0,50.0
311,0,0,10,3.8,25000.0,50.0
312,0,0,3,3.8,25000.0,50.0
313,0,7,4,4.0,7755.0,50.0
314,0,7,13,4.0,7755.0,50.0
315,0,7,15,4.0,7755.0,50.0
316,0,1,29,4.2,2806.0,50.0
317,0,1,10,4.2,2806.0,50.0
318,0,1,15,4.2,2806.0,50.0
319,0,1,5,4.2,2806.0,50.0
320,0,5,29,4.2,10000.0,50.0
321,0,9,15,4.0,2623.0,50.0
322,0,9,10,4.0,2623.0,50.0
323,0,9,29,4.0,2623.0,50.0
324,0,9,28,4.0,2623.0,50.0
325,0,9,3,4.0,2623.0,50.0
326,0,9,5,4.0,2623.0,50.0
327,0,9,33,4.0,2623.0,50.0
328,0,9,32,4.0,2623.0,50.0
329,0,5,4,4.3,1182.0,50.0
330,0,5,13,4.3,1182.0,50.0
331,0,5,15,4.3,1182.0,50.0
332,0,9,33,3.9,947.0,50.0
333,0,9,15,3.9,947.0,50.0
334,0,9,20,3.9,947.0,50.0
335,0,5,8,4.1,3578.0,50.0
336,0,5,33,4.1,3578.0,50.0
337,0,5,36,4.1,3578.0,50.0
338,0,5,7,4.1,3578.0,50.0
339,0,5,15,4.1,3578.0,50.0
340,0,5,13,4.1,3578.0,50.0
341,0,5,5,4.1,3578.0,50.0
342,0,9,29,4.3,2297.0,200.0
343,0,9,39,4.3,2297.0,200.0
344,0,9,10,4.3,2297.0,200.0
345,0,9,15,4.3,2297.0,200.0
346,0,9,5,4.3,2297.0,200.0
347,0,9,19,4.3,2297.0,200.0
348,0,7,33,4.0,9584.0,200.0
349,0,7,7,4.0,9584.0,200.0
350,0,7,15,4.0,9584.0,200.0
351,0,7,5,4.0,9584.0,200.0
352,0,3,29,4.0,8865.0,200.0
353,0,3,15,4.0,8865.0,200.0
354,0,3,39,4.0,8865.0,200.0
355,0,3,10,4.0,8865.0,200.0
356,0,3,5,4.0,8865.0,200.0
357,0,3,13,4.0,8865.0,200.0
358,0,11,7,4.3,289.0,200.0
359,0,11,15,4.3,289.0,200.0
360,0,11,5,4.3,289.0,200.0
361,0,0,15,4.1,725.0,200.0
362,0,0,7,4.1,725.0,200.0
363,0,0,5,4.1,725.0,200.0
364,0,0,33,4.1,725.0,200.0
365,0,9,6,4.2,139.0,200.0
366,0,9,29,4.2,139.0,200.0
367,0,5,15,4.3,2923.0,200.0
368,0,5,5,4.3,2923.0,200.0
369,0,5,7,4.3,2923.0,200.0
370,0,5,34,4.3,2923.0,200.0
371,0,0,29,4.3,5881.0,200.0
372,0,0,40,4.3,5881.0,200.0
373,0,5,29,4.1,3237.0,200.0
374,0,5,29,4.1,331.0,200.0
375,0,5,28,4.1,331.0,200.0
376,0,5,15,4.1,331.0,200.0
377,0,5,10,4.1,331.0,200.0
378,0,6,29,3.9,10000.0,200.0
379,0,6,29,4.0,1699.0,200.0
380,0,6,15,4.0,1699.0,200.0
381,0,6,26,4.4,7468.0,200.0
382,0,6,13,4.4,7468.0,200.0
383,0,1,15,4.3,842.0,200.0
384,0,1,33,4.3,842.0,200.0
385,0,1,5,4.3,842.0,200.0
386,0,1,7,4.3,842.0,200.0
387,0,1,36,4.3,842.0,200.0
388,0,1,34,4.3,842.0,200.0
389,0,1,46,4.3,842.0,200.0
390,0,11,29,4.2,3485.0,200.0
391,0,9,40,4.1,2287.0,200.0
392,0,7,33,4.1,15000.0,200.0
393,0,7,15,4.1,15000.0,200.0
394,0,7,5,4.1,15000.0,200.0
395,0,0,40,4.3,93.0,200.0
396,0,11,29,4.0,2555.0,200.0
397,0,11,10,4.0,2555.0,200.0
398,0,11,6,4.0,2555.0,200.0
399,0,11,37,4.0,2555.0,200.0
400,0,9,33,4.1,2963.0,200.0
401,0,9,15,4.1,2963.0,200.0
402,0,9,5,4.1,2963.0,200.0
403,0,6,29,3.8,8282.0,200.0
404,0,6,28,3.8,8282.0,200.0
405,0,6,10,3.8,8282.0,200.0
406,0,6,37,3.8,8282.0,200.0
407,0,10,29,4.3,1604.0,200.0
408,0,9,29,3.9,6596.0,200.0
409,0,5,29,3.5,6275.0,200.0
410,0,5,39,3.5,6275.0,200.0
411,0,5,10,3.5,6275.0,200.0
412,0,5,12,3.5,6275.0,200.0
413,0,5,40,3.5,6275.0,200.0
414,0,5,15,3.5,6275.0,200.0
415,0,5,13,3.5,6275.0,200.0
416,0,5,5,3.5,6275.0,200.0
417,0,7,17,4.3,12000.0,150.0
418,0,7,15,4.3,12000.0,150.0
419,0,7,36,4.3,12000.0,150.0
420,0,7,5,4.3,12000.0,150.0
421,0,7,38,4.3,12000.0,150.0
422,0,5,4,4.3,806.0,150.0
423,0,5,13,4.3,806.0,150.0
424,0,5,15,4.3,806.0,150.0
425,0,5,36,4.3,806.0,150.0
426,0,5,7,4.3,806.0,150.0
427,0,9,15,3.9,876.0,150.0
428,0,9,34,3.9,876.0,150.0
429,0,9,46,3.9,876.0,150.0
430,0,0,33,4.0,1142.0,150.0
431,0,0,15,4.0,1142.0,150.0
432,0,0,5,4.0,1142.0,150.0
433,0,2,12,4.1,461.0,150.0
434,0,2,29,4.1,461.0,150.0
435,0,2,20,4.1,461.0,150.0
436,0,2,40,4.1,461.0,150.0
437,0,2,15,4.1,461.0,150.0
438,0,2,10,4.1,461.0,150.0
439,0,2,38,4.1,461.0,150.0
440,0,9,5,4.4,855.0,150.0
441,0,9,22,4.4,855.0,150.0
442,0,7,17,4.3,6513.0,150.0
443,0,7,35,4.3,6513.0,150.0
444,0,7,29,3.9,4599.0,150.0
445,0,1,29,3.8,7490.0,150.0
446,0,1,10,3.8,7490.0,150.0
447,0,8,33,4.1,11000.0,150.0
448,0,8,10,4.1,11000.0,150.0
449,0,8,15,4.1,11000.0,150.0
450,0,8,5,4.1,11000.0,150.0
451,0,11,39,3.2,1631.0,150.0
452,0,11,29,3.2,1631.0,150.0
453,0,11,10,3.2,1631.0,150.0
454,0,11,12,3.2,1631.0,150.0
455,0,9,34,4.0,11000.0,150.0
456,0,9,15,4.0,11000.0,150.0
457,0,9,5,4.0,11000.0,150.0
458,0,5,15,4.4,640.0,100.0
459,0,5,36,4.4,640.0,100.0
460,0,5,33,4.4,640.0,100.0
461,0,5,5,4.4,640.0,100.0
462,0,5,4,4.4,640.0,100.0
463,0,5,13,4.4,640.0,100.0
464,0,9,19,4.3,10000.0,100.0
465,0,9,13,4.3,10000.0,100.0
466,0,9,5,4.3,10000.0,100.0
467,0,9,26,4.2,530.0,100.0
468,0,9,40,4.2,530.0,100.0
469,0,3,29,4.4,1154.0,100.0
470,0,3,40,4.1,394.0,100.0
471,0,3,29,4.1,394.0,100.0
472,0,9,29,4.0,3648.0,100.0
473,0,9,10,4.0,3648.0,100.0
474,0,9,28,4.0,3648.0,100.0
475,0,5,17,4.1,285.0,100.0
476,0,5,35,4.1,285.0,100.0
477,0,5,13,4.1,285.0,100.0
478,0,5,36,4.1,285.0,100.0
479,0,5,11,4.1,285.0,100.0
480,0,5,5,4.1,285.0,100.0
481,0,5,32,4.1,285.0,100.0
482,0,5,38,4.1,285.0,100.0
483,0,3,29,4.0,2991.0,100.0
484,0,3,10,4.0,2991.0,100.0
485,0,3,7,4.0,2991.0,100.0
486,0,3,36,4.0,2991.0,100.0
487,0,3,33,4.0,2991.0,100.0
488,0,3,15,4.0,2991.0,100.0
489,0,3,5,4.0,2991.0,100.0
490,0,0,15,4.0,5946.0,100.0
491,0,0,10,4.0,5946.0,100.0
492,0,0,29,4.0,5946.0,100.0
493,0,0,39,4.0,5946.0,100.0
494,0,0,33,4.1,539.0,100.0
495,0,0,15,4.1,539.0,100.0
496,0,0,5,4.1,539.0,100.0
497,0,5,17,3.8,3320.0,100.0
498,0,5,15,3.8,3320.0,100.0
499,0,5,35,3.8,3320.0,100.0
500,0,5,5,3.8,3320.0,100.0
501,0,4,29,3.6,5345.0,100.0
502,0,4,10,3.6,5345.0,100.0
503,0,4,5,3.6,5345.0,100.0
504,0,9,11,3.8,253.0,200.0
505,0,9,5,3.8,253.0,200.0
506,0,9,36,3.8,253.0,200.0
507,0,9,15,3.8,253.0,200.0
508,0,9,13,3.8,253.0,200.0
509,0,1,40,4.0,2692.0,200.0
510,0,9,29,4.2,7185.0,200.0
511,0,9,15,4.2,7185.0,200.0
512,0,9,39,4.2,7185.0,200.0
513,0,9,10,4.2,7185.0,200.0
514,0,9,12,4.2,7185.0,200.0
515,0,5,15,4.1,1986.0,200.0
516,0,5,36,4.1,1986.0,200.0
517,0,5,33,4.1,1986.0,200.0
518,0,5,7,4.1,1986.0,200.0
519,0,5,32,4.1,1986.0,200.0
520,0,5,13,4.1,1986.0,200.0
521,0,5,5,4.1,1986.0,200.0
522,0,0,15,4.1,4278.0,200.0
523,0,0,33,4.1,4278.0,200.0
524,0,0,5,4.1,4278.0,200.0
525,0,0,13,4.1,4278.0,200.0
526,0,0,34,4.1,5666.0,200.0
527,0,0,15,4.1,5666.0,200.0
528,0,0,10,4.1,5666.0,200.0
529,0,5,0,4.1,344.0,200.0
530,0,5,25,4.1,344.0,200.0
531,0,5,20,4.1,344.0,200.0
532,0,5,15,4.1,344.0,200.0
533,0,5,5,4.1,344.0,200.0
534,0,5,4,4.1,2621.0,200.0
535,0,9,40,4.2,3431.0,200.0
536,0,9,26,4.2,3431.0,200.0
537,0,0,29,3.6,596.0,200.0
538,0,9,26,3.8,2423.0,200.0
539,0,9,40,3.8,2423.0,200.0
540,0,9,13,3.8,2423.0,200.0
541,0,6,29,4.2,2450.0,200.0
542,0,9,26,4.4,2379.0,300.0
543,0,8,29,4.0,2365.0,300.0
544,0,9,29,4.0,234.0,300.0
545,0,9,2,4.0,234.0,300.0
546,0,9,6,4.0,234.0,300.0
547,0,3,26,4.0,890.0,300.0
548,0,3,10,4.0,890.0,300.0
549,0,3,15,4.0,890.0,300.0
550,0,3,40,4.0,890.0,300.0
551,0,3,39,4.0,890.0,300.0
552,0,3,7,4.0,890.0,300.0
553,0,3,27,4.0,890.0,300.0
554,0,1,6,3.6,1199.0,300.0
555,0,1,29,3.6,1199.0,300.0
556,0,1,34,3.6,1199.0,300.0
557,0,5,15,4.1,2066.0,300.0
558,0,5,39,4.1,2066.0,300.0
559,0,5,26,4.1,2066.0,300.0
560,0,0,35,4.1,223.0,300.0
561,0,0,7,4.1,223.0,300.0
562,0,0,36,4.1,223.0,300.0
563,0,0,46,4.1,223.0,300.0
564,0,0,33,4.1,223.0,300.0
565,0,0,15,4.1,223.0,300.0
566,0,3,29,3.9,1457.0,300.0
567,0,5,33,4.1,560.0,300.0
568,0,5,32,4.1,560.0,300.0
569,0,5,36,4.1,560.0,300.0
570,0,5,0,4.1,560.0,300.0
571,0,5,7,4.1,560.0,300.0
572,0,5,15,4.1,560.0,300.0
573,0,5,11,4.1,560.0,300.0
574,0,5,5,4.1,560.0,300.0
575,0,5,11,4.1,927.0,300.0
576,0,5,8,4.1,927.0,300.0
577,0,5,15,4.1,927.0,300.0
578,0,5,33,4.1,927.0,300.0
579,0,5,36,4.1,927.0,300.0
580,0,5,13,4.1,927.0,300.0
581,0,5,4,4.1,927.0,300.0
582,0,5,5,4.1,927.0,300.0
583,0,6,29,4.1,254.0,300.0
584,0,6,28,4.1,254.0,300.0
585,0,11,27,4.1,569.0,300.0
586,0,11,34,4.1,569.0,300.0
587,0,11,15,4.1,569.0,300.0
588,0,0,29,4.2,281.0,150.0
589,0,0,10,4.2,281.0,150.0
590,0,0,12,4.1,3704.0,150.0
591,0,0,29,4.1,3704.0,150.0
592,0,0,10,4.1,3704.0,150.0
593,0,9,33,4.3,640.0,150.0
594,0,9,7,4.3,640.0,150.0
595,0,9,38,4.3,640.0,150.0
596,0,9,36,4.3,640.0,150.0
597,0,9,5,4.3,640.0,150.0
598,0,9,15,4.3,640.0,150.0
599,0,5,4,4.4,449.0,150.0
600,0,5,13,4.4,449.0,150.0
601,0,5,15,4.4,449.0,150.0
602,0,5,19,4.4,2328.0,150.0
603,0,5,13,4.4,2328.0,150.0
604,0,5,5,4.4,2328.0,150.0
605,0,5,38,4.4,2328.0,150.0
606,0,9,29,4.0,166.0,150.0
607,0,9,5,4.0,166.0,150.0
608,0,9,13,4.0,166.0,150.0
609,0,9,17,4.0,166.0,150.0
610,0,5,29,3.8,625.0,150.0
611,0,5,33,3.8,625.0,150.0
612,0,5,15,3.8,625.0,150.0
613,0,5,10,3.8,625.0,150.0
614,0,5,20,3.8,625.0,150.0
615,0,5,39,3.8,625.0,150.0
616,0,5,35,3.8,625.0,150.0
617,0,5,5,3.8,625.0,150.0
618,0,0,29,3.6,2970.0,150.0
619,0,0,10,3.6,2970.0,150.0
620,0,0,15,3.6,2970.0,150.0
621,0,0,4,4.3,450.0,150.0
622,0,9,29,3.8,208.0,150.0
623,0,9,10,3.8,208.0,150.0
624,0,5,20,4.0,628.0,150.0
625,0,5,33,4.0,628.0,150.0
626,0,5,3,4.0,628.0,150.0
627,0,5,36,4.0,628.0,150.0
628,0,5,5,4.0,628.0,150.0
629,0,9,36,4.0,995.0,150.0
630,0,9,15,4.0,995.0,150.0
631,0,9,33,4.0,995.0,150.0
632,0,9,19,4.0,995.0,150.0
633,0,9,13,4.0,995.0,150.0
634,0,9,5,4.0,995.0,150.0
635,0,4,6,3.4,4881.0,100.0
636,0,4,10,3.4,4881.0,100.0
637,0,4,29,3.4,4881.0,100.0
638,0,9,15,4.2,312.0,100.0
639,0,9,40,4.2,312.0,100.0
640,0,0,29,3.9,297.0,100.0
641,0,0,23,3.9,297.0,100.0
642,0,0,28,3.9,297.0,100.0
643,0,0,6,3.9,297.0,100.0
644,0,0,10,3.9,297.0,100.0
645,0,6,39,3.5,2791.0,100.0
646,0,6,10,3.5,2791.0,100.0
647,0,6,15,3.5,2791.0,100.0
648,0,6,40,3.5,2791.0,100.0
649,0,6,5,3.5,2791.0,100.0
650,0,6,13,3.5,2791.0,100.0
651,0,6,33,3.5,2791.0,100.0
652,0,0,29,4.0,378.0,100.0
653,0,0,34,4.0,378.0,100.0
654,0,0,10,4.0,378.0,100.0
655,0,0,5,4.0,378.0,100.0
656,0,5,4,4.0,1241.0,100.0
657,0,1,10,4.0,271.0,100.0
658,0,1,39,4.0,271.0,100.0
659,0,1,15,4.0,271.0,100.0
660,0,1,5,4.0,271.0,100.0
661,0,11,29,3.3,366.0,100.0
662,0,11,10,3.3,366.0,100.0
663,0,11,28,3.3,366.0,100.0
664,0,11,15,3.3,366.0,100.0
665,0,11,6,3.3,366.0,100.0
666,0,5,29,3.8,103.0,100.0
667,0,11,13,4.1,170.0,100.0
668,0,11,15,4.1,170.0,100.0
669,0,11,10,4.1,170.0,100.0
670,0,11,5,4.1,170.0,100.0
671,0,1,10,4.2,247.0,100.0
672,0,1,27,4.2,247.0,100.0
673,0,1,29,4.2,247.0,100.0
674,0,1,5,4.2,247.0,100.0
675,0,11,29,4.1,504.0,100.0
676,0,11,10,4.1,504.0,100.0
677,0,11,15,4.1,504.0,100.0
678,0,11,37,4.1,504.0,100.0
679,0,11,28,4.1,504.0,100.0
680,0,5,29,4.1,2245.0,100.0
681,0,1,15,4.0,6532.0,100.0
682,0,1,10,4.0,6532.0,100.0
683,0,1,39,4.0,6532.0,100.0
684,0,1,13,4.0,6532.0,100.0
685,0,1,5,4.0,6532.0,100.0
686,0,9,13,4.1,395.0,100.0
687,0,9,19,4.1,395.0,100.0
688,0,8,26,4.4,189.0,100.0
689,0,8,40,4.4,189.0,100.0
690,0,8,15,4.4,189.0,100.0
691,0,9,4,4.1,178.0,100.0
692,0,9,13,4.1,178.0,100.0
693,0,0,29,4.0,501.0,100.0
694,0,5,15,4.0,246.0,100.0
695,0,5,33,4.0,246.0,100.0
696,0,5,24,4.0,246.0,100.0
697,0,5,5,4.0,246.0,100.0
698,0,5,10,4.0,246.0,100.0
699,0,5,29,4.0,246.0,100.0
700,0,5,38,4.0,246.0,100.0
701,0,1,28,4.1,70.0,100.0
702,0,1,6,4.1,70.0,100.0
703,0,5,4,4.1,1074.0,100.0
704,0,5,13,4.1,1074.0,100.0
705,0,4,29,3.4,1403.0,100.0
706,0,4,10,4.2,1368.0,100.0
707,0,4,15,4.2,1368.0,100.0
708,0,4,7,4.2,1368.0,100.0
709,0,4,5,4.2,1368.0,100.0
710,0,6,29,3.7,456.0,100.0
711,0,6,32,3.7,456.0,100.0
712,0,6,38,3.7,456.0,100.0
713,0,5,29,3.4,1730.0,200.0
714,0,5,10,3.4,1730.0,200.0
715,0,5,6,3.4,1730.0,200.0
716,0,7,29,3.9,708.0,200.0
717,0,7,12,3.9,708.0,200.0
718,0,7,28,3.9,708.0,200.0
719,0,7,23,3.9,708.0,200.0
720,0,7,34,3.9,708.0,200.0
721,0,3,26,4.1,435.0,200.0
722,0,3,10,4.1,435.0,200.0
723,0,3,29,4.1,435.0,200.0
724,0,3,15,4.1,435.0,200.0
725,0,3,7,4.1,435.0,200.0
726,0,9,29,3.3,595.0,200.0
727,0,9,40,3.3,595.0,200.0
728,0,11,12,3.9,5727.0,200.0
729,0,11,10,3.9,5727.0,200.0
730,0,11,29,3.9,5727.0,200.0
731,0,11,15,3.9,5727.0,200.0
732,0,11,36,3.9,5727.0,200.0
733,0,11,33,3.9,5727.0,200.0
734,0,5,3,3.8,447.0,200.0
735,0,5,28,3.8,447.0,200.0
736,0,5,13,3.8,447.0,200.0
737,0,5,29,3.8,447.0,200.0
738,0,9,29,4.1,1418.0,200.0
739,0,9,3,4.1,1418.0,200.0
740,0,0,29,3.8,810.0,200.0
741,0,0,15,3.8,810.0,200.0
742,0,0,40,3.8,810.0,200.0
743,0,0,25,3.8,810.0,200.0
744,0,0,5,3.8,810.0,200.0
745,0,0,38,3.8,810.0,200.0
746,0,3,29,3.4,114.0,200.0
747,0,3,3,3.4,114.0,200.0
748,0,9,11,3.5,76.0,200.0
749,0,9,13,3.5,76.0,200.0
750,0,9,5,3.5,76.0,200.0
751,0,7,7,3.8,403.0,200.0
752,0,7,15,3.8,403.0,200.0
753,0,0,29,3.8,5115.0,200.0
754,0,6,33,3.9,83.0,150.0
755,0,6,15,3.9,83.0,150.0
756,0,6,5,3.9,83.0,150.0
757,0,0,15,3.7,81.0,150.0
758,0,0,40,3.7,81.0,150.0
759,0,0,29,3.7,81.0,150.0
760,0,9,29,4.6,72.0,150.0
761,0,11,29,4.2,316.0,150.0
762,0,11,28,4.2,316.0,150.0
763,0,11,2,4.2,316.0,150.0
764,0,11,20,4.2,316.0,150.0
765,0,9,40,3.3,115.0,150.0
766,0,9,39,4.1,242.0,150.0
767,0,7,39,3.8,132.0,150.0
768,0,7,10,3.8,132.0,150.0
769,0,7,15,3.8,132.0,150.0
770,0,7,33,3.8,132.0,150.0
771,0,7,36,3.8,132.0,150.0
772,0,7,7,3.8,132.0,150.0
773,0,0,29,3.8,3495.0,150.0
774,0,0,10,3.8,3495.0,150.0
775,0,9,29,4.0,65.0,150.0
776,0,9,10,4.0,65.0,150.0
777,0,9,35,4.0,65.0,150.0
778,0,9,3,4.0,65.0,150.0
779,0,9,13,4.0,65.0,150.0
780,0,9,15,4.4,47.0,150.0
781,0,11,29,4.0,519.0,150.0
782,0,11,28,4.0,519.0,150.0
783,0,11,6,4.0,519.0,150.0
784,0,11,13,4.0,519.0,150.0
785,0,11,5,4.0,519.0,150.0
786,0,11,38,4.0,519.0,150.0
787,0,11,10,4.0,519.0,150.0
788,0,11,12,4.0,519.0,150.0
789,0,9,26,4.5,115.0,150.0
790,0,9,40,4.5,115.0,150.0
791,0,0,33,4.1,695.0,100.0
792,0,0,15,4.1,695.0,100.0
793,0,0,5,4.1,695.0,100.0
794,0,0,40,3.5,2816.0,100.0
795,0,7,40,4.0,20.0,100.0
796,0,6,40,3.7,42.0,100.0
797,0,5,36,4.0,75.0,100.0
798,0,5,33,4.0,75.0,100.0
799,0,5,5,4.0,75.0,100.0
800,0,7,29,3.7,121.0,100.0
801,0,7,10,3.7,121.0,100.0
802,0,7,28,3.7,121.0,100.0
803,0,7,6,3.7,121.0,100.0
804,0,9,26,4.4,191.0,100.0
805,0,5,29,4.2,72.0,100.0
806,0,5,12,4.0,823.0,100.0
807,0,5,5,4.0,823.0,100.0
808,0,5,36,4.0,823.0,100.0
809,0,5,33,4.0,823.0,100.0
810,0,5,8,4.0,823.0,100.0
811,0,5,32,4.0,823.0,100.0
812,0,5,20,4.0,823.0,100.0
813,0,5,15,4.0,823.0,100.0
814,0,6,6,3.7,40.0,100.0
815,0,7,29,3.6,607.0,100.0
816,0,11,15,3.4,121.0,100.0
817,0,11,10,3.4,121.0,100.0
818,0,1,40,3.1844183564567587,8.0,50.0
819,0,5,15,3.9,194.0,50.0
820,0,5,33,3.9,194.0,50.0
821,0,5,38,3.9,194.0,50.0
822,0,11,29,3.5,113.0,50.0
823,0,11,28,3.5,113.0,50.0
824,0,11,34,3.5,113.0,50.0
825,0,3,4,4.5,76.0,50.0
826,0,3,15,4.5,76.0,50.0
830,0,9,12,3.1844183564567587,20.0,50.0
831,0,9,33,3.1844183564567587,20.0,50.0
832,0,9,7,3.1844183564567587,20.0,50.0
833,0,9,15,3.1844183564567587,20.0,50.0
834,0,9,10,3.1844183564567587,20.0,50.0
835,0,9,29,3.1844183564567587,20.0,50.0
837,0,9,29,4.0,24.0,50.0
838,0,7,29,3.6,38.0,50.0
839,0,7,13,3.6,38.0,50.0
840,0,9,29,4.0,2691.0,50.0
841,0,9,10,4.0,2691.0,50.0
842,0,9,15,4.0,2691.0,50.0
843,0,9,13,4.0,2691.0,50.0
844,0,9,5,4.0,2691.0,50.0
845,0,9,29,4.5,73.0,50.0
846,0,9,29,3.1844183564567587,9.0,50.0
847,0,5,29,3.1844183564567587,12.0,350.0
848,0,5,10,3.1844183564567587,12.0,350.0
849,0,5,15,3.1844183564567587,12.0,350.0
850,0,1,29,3.8,29.0,350.0
851,0,11,33,3.9,193.0,350.0
852,0,11,15,3.9,193.0,350.0
853,0,11,27,3.9,193.0,350.0
854,0,11,5,3.9,193.0,350.0
855,0,5,40,3.8,187.0,350.0
856,0,5,29,3.8,187.0,350.0
857,0,9,29,3.8,730.0,350.0
858,0,9,10,3.8,730.0,350.0
859,0,9,28,3.8,730.0,350.0
860,0,9,37,3.8,730.0,350.0
861,0,9,33,4.2,1518.0,350.0
862,0,9,7,4.2,1518.0,350.0
863,0,9,36,4.2,1518.0,350.0
864,0,9,15,4.2,1518.0,350.0
865,0,9,5,4.2,1518.0,350.0
866,0,3,39,3.7,232.0,350.0
867,0,3,5,3.7,232.0,350.0
868,0,3,19,3.7,232.0,350.0
869,0,9,40,4.1,2481.0,350.0
870,0,5,8,4.5,167.0,350.0
871,0,5,33,4.5,167.0,350.0
872,0,5,15,4.5,167.0,350.0
873,0,5,20,4.5,167.0,350.0
874,0,5,36,4.5,167.0,350.0
875,0,5,5,4.5,167.0,350.0
876,0,11,15,3.5,120.0,350.0
877,0,11,36,3.5,120.0,350.0
878,0,11,5,3.5,120.0,350.0
879,0,5,40,3.5,735.0,350.0
880,0,5,26,3.5,735.0,350.0
881,0,11,29,3.8,12000.0,350.0
882,0,11,10,3.8,12000.0,350.0
883,0,0,40,3.9,333.0,150.0
884,0,0,33,3.9,333.0,150.0
885,0,0,10,3.9,333.0,150.0
886,0,0,15,3.9,333.0,150.0
887,0,0,7,3.9,333.0,150.0
888,0,0,5,3.9,333.0,150.0
889,0,1,33,4.0,4541.0,150.0
890,0,1,15,4.0,4541.0,150.0
891,0,1,5,4.0,4541.0,150.0
892,0,1,10,3.7,154.0,150.0
893,0,1,40,3.7,154.0,150.0
894,0,1,15,3.7,154.0,150.0
895,0,1,29,3.7,154.0,150.0
896,0,0,26,4.3,82.0,150.0
897,0,7,26,3.6,1497.0,150.0
898,0,7,5,3.6,1497.0,150.0
899,0,0,4,4.2,2674.0,150.0
900,0,0,13,4.2,2674.0,150.0
901,0,0,15,4.2,2674.0,150.0
902,0,0,17,3.4,881.0,150.0
903,0,0,15,3.4,881.0,150.0
904,0,0,5,3.4,881.0,150.0
905,0,11,19,4.4,409.0,150.0
906,0,11,13,4.4,409.0,150.0
907,0,11,5,4.4,409.0,150.0
908,0,5,17,3.2,24.0,150.0
909,0,5,35,3.2,24.0,150.0
910,0,5,15,3.2,24.0,150.0
911,0,5,5,3.2,24.0,150.0
912,0,11,44,3.8,120.0,150.0
913,0,11,29,3.8,120.0,150.0
914,0,11,37,3.8,120.0,150.0
915,0,9,28,3.4,357.0,150.0
916,0,9,29,3.4,357.0,150.0
917,0,11,5,4.0,51.0,150.0
918,0,11,7,4.0,51.0,150.0
919,0,11,11,4.0,51.0,150.0
920,0,11,17,4.0,51.0,150.0
921,0,11,32,4.0,51.0,150.0
922,0,11,33,4.0,51.0,150.0
923,0,11,35,4.0,51.0,150.0
924,0,11,36,4.0,51.0,150.0
925,0,3,15,4.0,90.0,150.0
926,0,3,10,4.0,90.0,150.0
927,0,9,29,3.8,49.0,150.0
928,0,0,40,4.4,138.0,150.0
929,0,7,29,3.4,140.0,150.0
930,0,7,10,3.4,140.0,150.0
931,0,7,15,3.4,140.0,150.0
932,0,7,34,3.4,140.0,150.0
933,0,6,29,4.1,1949.0,150.0
934,0,6,10,4.1,1949.0,150.0
935,0,6,37,4.1,1949.0,150.0
936,0,5,4,4.3,214.0,150.0
937,0,5,13,4.3,214.0,150.0
938,0,9,19,4.4,335.0,150.0
939,0,9,13,4.4,335.0,150.0
940,0,9,5,4.4,335.0,150.0
941,0,1,34,3.7,727.0,150.0
942,0,1,29,3.7,727.0,150.0
943,0,1,6,3.7,727.0,150.0
944,0,11,29,4.1,1342.0,150.0
945,0,11,28,4.1,1342.0,150.0
946,0,11,10,4.1,1342.0,150.0
947,0,10,29,3.3,53.0,150.0
948,0,11,29,4.0,27.0,150.0
949,0,0,19,4.5,208.0,150.0
950,0,0,13,4.5,208.0,150.0
951,0,6,29,3.2,23.0,50.0
952,0,9,29,3.1,31.0,50.0
953,0,1,29,3.6,68.0,50.0
954,0,1,10,3.6,68.0,50.0
955,0,1,15,3.6,68.0,50.0
956,0,9,29,4.0,26.0,50.0
957,0,9,29,3.6,94.0,50.0
958,0,9,28,3.6,94.0,50.0
959,0,9,34,3.6,94.0,50.0
960,0,9,15,3.6,38.0,50.0
961,0,9,29,3.6,38.0,50.0
962,0,7,6,4.4,63.0,50.0
963,0,7,29,4.4,63.0,50.0
964,0,5,19,4.0,23.0,50.0
965,0,5,13,4.0,23.0,50.0
966,0,5,5,4.0,23.0,50.0
967,0,0,29,3.4,253.0,50.0
968,0,0,40,3.4,253.0,50.0
969,0,0,28,3.4,253.0,50.0
970,0,0,10,3.4,253.0,50.0
971,0,0,15,3.4,253.0,50.0
972,0,0,5,3.4,253.0,50.0
973,0,5,15,3.7,1616.0,50.0
974,0,5,12,3.7,1616.0,50.0
975,0,1,29,3.6,164.0,50.0
976,0,1,10,3.6,164.0,50.0
977,0,4,4,4.1,803.0,50.0
978,0,4,13,4.1,803.0,50.0
979,0,4,40,4.1,803.0,50.0
980,0,5,10,3.6,147.0,100.0
981,0,5,15,3.6,147.0,100.0
982,0,5,33,3.6,147.0,100.0
983,0,4,39,3.9,783.0,100.0
984,0,4,29,3.9,783.0,100.0
985,0,4,10,3.9,783.0,100.0
986,0,5,33,4.1,223.0,100.0
987,0,5,15,4.1,223.0,100.0
988,0,5,38,4.1,223.0,100.0
989,0,0,33,3.1,507.0,100.0
990,0,0,20,3.1,507.0,100.0
991,0,0,15,3.1,507.0,100.0
992,0,0,7,3.1,507.0,100.0
993,0,0,36,3.1,507.0,100.0
994,0,0,38,3.1,507.0,100.0
995,0,5,40,3.7,395.0,100.0
996,0,5,29,3.7,215.0,100.0
997,0,5,12,3.7,215.0,100.0
998,0,5,10,3.7,215.0,100.0
999,0,5,37,3.7,215.0,100.0
1000,0,5,24,3.7,215.0,100.0
1001,0,5,15,3.7,215.0,100.0
1002,0,5,36,3.7,215.0,100.0
1003,0,5,33,3.7,215.0,100.0
1004,0,5,4,3.9,506.0,100.0
1005,0,0,10,3.5,78.0,100.0
1006,0,0,29,3.5,78.0,100.0
1007,0,0,15,3.5,78.0,100.0
1008,0,11,15,4.0,19.0,100.0
1009,0,11,5,4.0,19.0,100.0
1010,0,4,15,3.8,657.0,100.0
1011,0,4,7,3.8,657.0,100.0
1012,0,4,5,3.8,657.0,100.0
1013,0,5,15,4.1,46.0,100.0
1014,0,5,36,4.1,46.0,100.0
1015,0,5,5,4.1,46.0,100.0
1016,0,3,29,3.4,635.0,100.0
1017,0,3,15,3.4,635.0,100.0
1023,0,9,5,3.9,481.0,100.0
1024,0,9,13,3.9,481.0,100.0
1025,0,9,35,3.9,481.0,100.0
1026,0,9,15,3.9,481.0,100.0
1027,0,11,15,4.0,53.0,100.0
1028,0,11,5,4.0,53.0,100.0
1029,0,9,29,3.1844183564567587,13.0,100.0
1030,0,9,28,3.1844183564567587,13.0,100.0
1031,0,9,10,3.1844183564567587,13.0,100.0
1032,0,9,37,3.1844183564567587,13.0,100.0
1033,0,11,4,3.1844183564567587,9.0,100.0
1034,0,11,6,4.0,21.0,100.0
1035,0,9,29,3.7,54.0,100.0
1036,0,9,15,3.7,54.0,100.0
1037,0,9,10,3.7,54.0,100.0
1038,0,8,29,3.9,95.0,100.0
1039,0,8,12,3.9,95.0,100.0
1040,0,8,10,3.9,95.0,100.0
1041,0,8,15,3.9,95.0,100.0
1042,0,8,13,3.9,95.0,100.0
1043,0,9,4,4.5,88.0,100.0
1044,0,9,15,4.5,88.0,100.0
1045,0,9,5,4.5,88.0,100.0
1046,0,9,13,4.5,88.0,100.0
1047,0,5,4,3.7,1003.0,100.0
1048,0,5,13,3.7,1003.0,100.0
1049,0,5,15,3.7,1003.0,100.0
1050,0,9,33,4.1,74.0,100.0
1051,0,9,7,4.1,74.0,100.0
1052,0,9,15,4.1,74.0,100.0
1053,0,9,5,4.1,74.0,100.0
1054,0,11,15,4.0,25.0,100.0
1055,0,11,40,4.0,25.0,100.0
1056,0,11,10,4.0,25.0,100.0
1057,0,9,29,3.1844183564567587,15.0,50.0
1058,0,4,29,3.2,170.0,50.0
1059,0,5,5,3.2,46.0,50.0
1060,0,5,12,3.2,46.0,50.0
1061,0,5,15,3.2,46.0,50.0
1062,0,5,33,3.2,46.0,50.0
1063,0,5,7,3.2,46.0,50.0
1064,0,5,13,3.2,46.0,50.0
1065,0,1,15,3.5,359.0,50.0
1066,0,1,7,3.5,359.0,50.0
1067,0,1,33,3.5,359.0,50.0
1068,0,1,36,3.5,359.0,50.0
1069,0,1,10,3.5,359.0,50.0
1070,0,1,5,3.5,359.0,50.0
1071,0,10,4,3.6,703.0,50.0
1072,0,10,15,3.6,703.0,50.0
1073,0,0,29,3.7,82.0,50.0
1074,0,0,15,3.7,82.0,50.0
1075,0,5,26,3.8,560.0,50.0
1076,0,5,40,3.8,560.0,50.0
1077,0,5,15,3.8,560.0,50.0
1078,0,5,10,3.8,560.0,50.0
1079,0,5,29,3.7,92.0,50.0
1080,0,5,16,3.7,92.0,50.0
1081,0,5,0,3.7,92.0,50.0
1082,0,9,29,4.4,411.0,50.0
1083,0,9,28,4.4,411.0,50.0
1084,0,9,15,4.4,411.0,50.0
1085,0,9,10,4.4,411.0,50.0
1086,0,5,4,4.0,10.0,50.0
1087,0,5,13,4.0,10.0,50.0
1088,0,5,19,4.0,10.0,50.0
1089,0,4,26,4.3,82.0,50.0
1090,0,4,19,4.3,82.0,50.0
1091,0,4,13,4.3,82.0,50.0
1092,0,0,4,3.9,30.0,50.0
1093,0,0,13,3.9,30.0,50.0
1094,0,9,19,4.4,567.0,50.0
1095,0,9,13,4.4,567.0,50.0
1096,0,3,29,3.8,351.0,50.0
1097,0,3,10,3.8,351.0,50.0
1098,0,3,12,3.8,351.0,50.0
1099,0,3,15,3.8,351.0,50.0
1100,0,3,37,3.8,351.0,50.0
1101,0,3,5,3.8,351.0,50.0
1102,0,3,38,3.8,351.0,50.0
1103,0,6,29,3.7,351.0,50.0
1104,0,6,10,3.7,351.0,50.0
1105,0,6,6,3.7,351.0,50.0
1106,0,6,33,3.7,351.0,50.0
1107,0,6,28,3.7,351.0,50.0
1108,0,11,29,3.8,4945.0,50.0
1109,0,11,28,3.8,4945.0,50.0
1110,0,11,6,3.8,4945.0,50.0
1111,0,11,39,3.8,4945.0,50.0
1112,0,11,5,3.8,4945.0,50.0
1113,0,0,15,3.1844183564567587,3.0,50.0
1114,0,0,35,3.1844183564567587,3.0,50.0
1115,0,0,17,3.1844183564567587,3.0,50.0
1116,0,0,7,3.1844183564567587,3.0,50.0
1117,0,0,33,3.1844183564567587,3.0,50.0
1118,0,0,36,3.1844183564567587,3.0,50.0
1119,0,6,33,3.6,66.0,50.0
1120,0,6,36,3.9,21.0,50.0
1121,0,6,15,3.9,21.0,50.0
1124,0,0,29,3.1844183564567587,7.0,50.0
1125,0,0,5,3.1844183564567587,7.0,50.0
1126,0,0,40,3.1844183564567587,7.0,50.0
1127,0,0,3,4.1,269.0,50.0
1128,0,0,29,4.1,269.0,50.0
1129,0,9,29,4.5,73.0,50.0
1130,0,9,40,4.5,73.0,50.0
1131,0,9,29,3.9,218.0,50.0
1132,0,9,12,3.9,218.0,50.0
1133,0,9,10,3.9,218.0,50.0
1134,0,9,5,3.9,218.0,50.0
1135,0,9,20,3.9,102.0,250.0
1136,0,9,25,3.9,102.0,250.0
1137,0,9,15,3.9,102.0,250.0
1138,0,4,15,3.8,4066.0,250.0
1139,0,4,7,3.8,4066.0,250.0
1140,0,4,33,3.8,4066.0,250.0
1141,0,4,20,3.8,4066.0,250.0
1142,0,4,5,3.8,4066.0,250.0
1143,0,5,19,4.0,2065.0,250.0
1144,0,5,5,4.0,2065.0,250.0
1145,0,5,13,4.0,2065.0,250.0
1146,0,5,38,4.0,2065.0,250.0
1147,0,4,29,3.5,24.0,250.0
1148,0,4,5,3.5,24.0,250.0
1149,0,9,15,3.1844183564567587,11.0,250.0
1150,0,9,7,3.1844183564567587,11.0,250.0
1151,0,9,33,3.3,175.0,250.0
1152,0,9,10,3.3,175.0,250.0
1153,0,9,15,3.3,175.0,250.0
1154,0,9,29,3.3,175.0,250.0
1155,0,9,5,3.3,175.0,250.0
1156,0,9,33,4.3,763.0,250.0
1157,0,9,15,4.3,763.0,250.0
1158,0,9,5,4.3,763.0,250.0
1159,0,9,2,3.5,41.0,250.0
1160,0,0,29,3.4,1287.0,250.0
1161,0,0,28,3.4,1287.0,250.0
1162,0,0,34,3.4,1287.0,250.0
1163,0,6,10,3.8,154.0,250.0
1164,0,6,29,3.8,154.0,250.0
1165,0,6,37,3.8,154.0,250.0
1166,0,9,6,3.3,82.0,250.0
1167,0,0,29,3.7,35.0,250.0
1168,0,0,10,3.7,35.0,250.0
1169,0,6,15,4.0,38.0,100.0
1170,0,6,10,4.0,38.0,100.0
1171,0,5,29,3.1844183564567587,11.0,100.0
1172,0,5,15,3.1844183564567587,11.0,100.0
1173,0,3,15,3.4,29.0,100.0
1174,0,4,29,3.1844183564567587,4.0,100.0
1175,0,10,29,3.1844183564567587,3.0,100.0
1179,0,0,29,3.1844183564567587,14.0,100.0
1180,0,0,13,3.1844183564567587,14.0,100.0
1181,0,0,5,3.1844183564567587,14.0,100.0
1182,0,8,29,3.4,431.0,100.0
1183,0,3,29,3.9,833.0,100.0
1184,0,3,15,3.9,833.0,100.0
1185,0,3,39,3.9,833.0,100.0
1186,0,3,10,3.9,833.0,100.0
1187,0,3,3,3.9,833.0,100.0
1188,0,3,5,3.9,833.0,100.0
1189,0,3,13,3.9,833.0,100.0
1190,0,3,19,3.9,833.0,100.0
1191,0,11,10,4.0,19.0,100.0
1192,0,11,15,4.0,19.0,100.0
1193,0,11,5,4.0,19.0,100.0
1197,0,10,29,3.3,18.0,100.0
1198,0,9,13,3.3,32.0,100.0
1199,0,10,15,3.3,325.0,100.0
1200,0,8,33,2.8,56.0,100.0
1201,0,8,15,2.8,56.0,100.0
1202,0,8,5,2.8,56.0,100.0
1203,0,9,29,3.9,107.0,100.0
1204,0,9,28,3.9,107.0,100.0
1205,0,9,10,3.9,107.0,100.0
1206,0,9,15,3.9,107.0,100.0
1207,0,9,20,3.9,107.0,100.0
1208,0,9,38,3.9,107.0,100.0
1209,0,3,10,4.0,17.0,100.0
1210,0,3,15,4.0,17.0,100.0
1211,0,3,29,4.0,17.0,100.0
1213,0,3,29,3.1844183564567587,2.0,100.0
1214,0,3,39,3.1844183564567587,2.0,100.0
1215,0,3,15,3.1844183564567587,2.0,100.0
1216,0,7,35,3.8,49.0,100.0
1217,0,7,7,3.8,49.0,100.0
1218,0,7,36,3.8,49.0,100.0
1219,0,7,46,3.8,49.0,100.0
1220,0,7,33,3.8,49.0,100.0
1221,0,7,15,3.8,49.0,100.0
1222,0,7,5,3.8,49.0,100.0
1223,0,7,38,3.8,49.0,100.0
1227,0,3,15,3.1844183564567587,9.0,100.0
1228,0,3,33,3.1844183564567587,9.0,100.0
1229,0,3,7,3.1844183564567587,9.0,100.0
1230,0,3,36,3.1844183564567587,9.0,100.0
1231,0,6,29,3.1844183564567587,4.0,100.0
1234,0,9,29,3.1844183564567587,6.0,100.0
1235,0,5,25,3.1844183564567587,4.0,150.0
1236,0,5,15,3.1844183564567587,4.0,150.0
1237,0,9,29,3.6,27.0,350.0
1238,0,9,10,3.6,27.0,350.0
1239,0,9,28,3.6,27.0,350.0
1240,0,9,12,3.6,27.0,350.0
1241,0,9,5,3.6,27.0,350.0
1242,0,5,29,3.3,246.0,200.0
1243,0,5,10,3.3,246.0,200.0
1244,0,5,15,3.3,246.0,200.0
1245,0,5,5,3.3,246.0,200.0
1246,0,5,28,3.3,246.0,200.0
1247,0,5,4,3.3,17.0,150.0
1248,0,5,13,3.3,17.0,150.0
1249,0,3,7,3.2,81.0,100.0
1250,0,3,15,3.2,81.0,100.0
1251,0,3,20,3.2,81.0,100.0
1252,0,3,5,3.2,81.0,100.0
1253,0,7,29,3.7,109.0,400.0
1254,0,7,28,3.7,109.0,400.0
1255,0,7,12,3.7,109.0,400.0
1256,0,7,10,3.7,109.0,400.0
1257,0,7,13,3.7,109.0,400.0
1258,0,9,29,3.1844183564567587,8.0,200.0
1259,0,9,10,3.1844183564567587,8.0,200.0
1260,0,9,12,3.1844183564567587,8.0,200.0
1261,0,9,5,3.9,1114.0,100.0
1262,0,9,22,3.9,1114.0,100.0
1263,0,11,29,3.1,16.0,100.0
1264,0,0,10,4.0,17.0,100.0
1265,0,0,15,4.0,17.0,100.0
1266,0,9,29,3.6,41.0,100.0
1267,0,11,29,3.1844183564567587,9.0,150.0
1268,0,0,29,3.1844183564567587,11.0,150.0
1269,0,1,15,3.1844183564567587,7.0,150.0
1270,0,1,40,3.1844183564567587,7.0,150.0
1271,0,0,35,3.1844183564567587,11.0,150.0
1272,0,0,15,3.1844183564567587,11.0,150.0
1273,0,0,5,3.1844183564567587,11.0,150.0
1275,0,5,33,3.1844183564567587,3.0,150.0
1276,0,5,36,3.1844183564567587,3.0,150.0
1277,0,5,7,3.1844183564567587,3.0,150.0
1278,0,5,32,3.1844183564567587,3.0,150.0
1279,0,5,46,3.1844183564567587,3.0,150.0
1280,0,5,15,3.1844183564567587,3.0,150.0
1281,0,5,5,3.1844183564567587,3.0,150.0
1282,0,0,4,3.1844183564567587,5.0,150.0
1283,0,0,13,3.1844183564567587,5.0,150.0
1284,0,0,15,3.1844183564567587,5.0,150.0
1285,0,6,29,3.0,39.0,150.0
1286,0,6,38,3.0,39.0,150.0
1287,0,0,5,4.4,388.0,150.0
1288,0,0,13,4.4,388.0,150.0
1289,0,0,19,4.4,388.0,150.0
1290,0,11,19,3.4,408.0,150.0
1291,0,11,13,3.4,408.0,150.0
1292,0,11,5,3.4,408.0,150.0
1293,0,5,29,4.3,69.0,150.0
1294,0,5,12,4.3,69.0,150.0
1295,0,5,20,4.3,69.0,150.0
1296,0,5,15,4.3,69.0,150.0
1297,0,9,29,3.9,3670.0,150.0
1298,0,9,6,3.9,3670.0,150.0
1299,0,9,39,3.9,3670.0,150.0
1300,0,9,10,3.9,3670.0,150.0
1301,0,9,12,3.9,3670.0,150.0
1302,0,9,35,3.9,3670.0,150.0
1303,0,9,17,3.9,3670.0,150.0
1304,0,9,33,3.9,3670.0,150.0
1305,0,9,29,3.5,84.0,400.0
1306,0,9,10,3.5,84.0,400.0
1307,0,9,43,3.5,84.0,400.0
1308,0,9,13,3.5,84.0,400.0
1309,0,9,35,3.5,84.0,400.0
1310,0,9,40,3.5,84.0,400.0
1311,0,9,5,3.5,84.0,400.0
1312,0,9,36,3.5,84.0,400.0
1313,0,5,29,4.2,3807.0,400.0
1314,0,5,10,4.2,3807.0,400.0
1315,0,5,37,4.2,3807.0,400.0
1316,0,5,23,4.2,3807.0,400.0
1317,0,5,28,4.2,3807.0,400.0
1318,0,0,26,3.1844183564567587,5.0,400.0
1319,0,0,40,3.1844183564567587,5.0,400.0
1320,0,8,29,3.6,38.0,400.0
1321,0,8,10,3.6,38.0,400.0
1322,0,8,28,3.6,38.0,400.0
1323,0,5,33,3.1844183564567587,9.0,400.0
1324,0,5,32,3.1844183564567587,9.0,400.0
1325,0,5,5,3.1844183564567587,9.0,400.0
1326,0,5,38,3.1844183564567587,9.0,400.0
1327,0,9,15,4.0,23.0,400.0
1328,0,9,33,4.0,23.0,400.0
1329,0,5,29,3.1844183564567587,2.0,400.0
1330,0,5,6,3.1844183564567587,2.0,400.0
1331,0,5,5,3.1844183564567587,2.0,400.0
1332,0,5,38,3.1844183564567587,2.0,400.0
1333,0,1,29,3.1844183564567587,1.0,400.0
1334,0,1,15,3.1844183564567587,1.0,400.0
1335,0,1,10,3.1844183564567587,1.0,400.0
1336,0,11,40,3.1844183564567587,5.0,400.0
1337,0,11,10,3.1844183564567587,5.0,400.0
1338,0,11,29,3.1844183564567587,5.0,400.0
1339,0,4,15,3.1844183564567587,4.0,400.0
1340,0,11,29,3.1844183564567587,8.0,400.0
1341,0,11,15,3.1844183564567587,8.0,400.0
1342,0,11,28,3.1844183564567587,8.0,400.0
1343,0,4,29,3.2,42.0,400.0
1344,0,4,15,3.2,42.0,400.0
1345,0,4,5,3.2,42.0,400.0
1346,0,4,38,3.2,42.0,400.0
1347,0,11,29,3.1844183564567587,26.0,250.0
1348,0,11,10,3.1844183564567587,26.0,250.0
1349,0,11,28,3.1844183564567587,26.0,250.0
1350,0,11,15,3.1844183564567587,26.0,250.0
1351,0,11,6,3.1844183564567587,26.0,250.0
1352,0,11,36,3.1844183564567587,26.0,250.0
1353,0,9,32,3.1844183564567587,3.0,250.0
1354,0,9,15,3.1844183564567587,3.0,250.0
1355,0,9,10,3.1844183564567587,3.0,250.0
1356,0,9,5,3.1844183564567587,3.0,250.0
1357,0,1,4,3.6,32.0,250.0
1358,0,0,29,3.0,32.0,250.0
1359,0,11,33,3.9,45.0,250.0
1360,0,11,32,3.9,45.0,250.0
1361,0,11,31,3.9,45.0,250.0
1362,0,11,7,3.9,45.0,250.0
1363,0,0,29,4.3,42.0,250.0
1364,0,1,29,3.1844183564567587,3.0,250.0
1365,0,4,5,3.1844183564567587,7.0,250.0
1366,0,4,15,3.1844183564567587,7.0,250.0
1367,0,11,15,3.1844183564567587,1.0,250.0
1368,0,11,29,3.1844183564567587,1.0,250.0
1369,0,7,29,3.1844183564567587,0.0,250.0
1370,0,0,4,3.1844183564567587,9.0,250.0
1371,0,0,13,3.1844183564567587,9.0,250.0
1372,0,0,36,3.1844183564567587,9.0,250.0
1373,0,0,34,3.1844183564567587,9.0,250.0
1374,0,0,33,3.1844183564567587,9.0,250.0
1375,0,0,10,3.1844183564567587,9.0,250.0
1376,0,0,15,3.1844183564567587,9.0,250.0
1377,0,0,5,3.1844183564567587,9.0,250.0
1378,0,0,29,3.1844183564567587,10.0,250.0
1379,0,0,40,3.1844183564567587,10.0,250.0
1380,0,0,5,3.1844183564567587,10.0,250.0
1381,0,0,42,3.1844183564567587,10.0,250.0
1382,0,0,7,3.1844183564567587,10.0,250.0
1383,0,0,13,3.1844183564567587,10.0,250.0
1384,0,9,26,3.1844183564567587,9.0,50.0
1385,0,9,40,3.1844183564567587,9.0,50.0
1386,0,11,29,3.1844183564567587,2.0,50.0
1387,0,11,10,3.1844183564567587,2.0,50.0
1388,0,11,37,3.1844183564567587,2.0,50.0
1395,0,11,34,3.1844183564567587,1.0,50.0
1396,0,11,15,3.1844183564567587,11.0,50.0
1403,0,7,40,3.1844183564567587,9.0,50.0
1404,0,7,0,3.1844183564567587,9.0,50.0
1405,0,9,10,3.1844183564567587,5.0,50.0
1406,0,6,29,3.6,24.0,50.0
1407,0,6,10,3.6,24.0,50.0
1408,0,1,29,3.1844183564567587,7.0,50.0
1409,0,1,10,3.1844183564567587,7.0,50.0
1410,0,1,28,3.1844183564567587,7.0,50.0
1411,0,1,15,3.1844183564567587,7.0,50.0
1412,0,1,38,3.1844183564567587,7.0,50.0
1413,0,1,15,3.1844183564567587,12.0,50.0
1414,0,1,7,3.1844183564567587,12.0,50.0
1415,0,1,10,3.1844183564567587,12.0,50.0
1418,0,7,29,3.1844183564567587,12.0,250.0
1419,0,7,6,3.1844183564567587,12.0,250.0
1420,0,7,10,3.1844183564567587,12.0,250.0
1421,0,7,15,3.1844183564567587,12.0,250.0
1422,0,7,38,3.1844183564567587,12.0,250.0
1429,0,9,29,3.0,161.0,250.0
1430,0,9,10,3.0,161.0,250.0
1431,0,9,39,3.0,161.0,250.0
1432,0,9,15,3.0,161.0,250.0
1433,0,0,29,4.2,319.0,250.0
1434,0,5,4,4.7,82.0,250.0
1435,0,5,15,4.7,82.0,250.0
1436,0,9,29,4.0,32.0,250.0
1437,0,9,10,4.0,32.0,250.0
1438,0,9,37,4.0,32.0,250.0
1439,0,1,7,2.9,23.0,250.0
1440,0,1,36,2.9,23.0,250.0
1441,0,1,34,2.9,23.0,250.0
1442,0,1,15,2.9,23.0,250.0
1443,0,9,2,3.1844183564567587,5.0,250.0
1444,0,9,14,3.1844183564567587,5.0,250.0
1445,0,9,29,3.1844183564567587,5.0,250.0
1446,0,9,33,3.1844183564567587,5.0,250.0
1447,0,9,15,3.1844183564567587,5.0,250.0
1448,0,7,5,3.3,154.0,250.0
1449,0,5,29,3.7,30.0,250.0
1450,0,5,33,3.7,30.0,250.0
1451,0,5,0,3.7,30.0,250.0
1452,0,5,10,3.7,30.0,250.0
1453,0,5,32,3.7,30.0,250.0
1454,0,9,22,3.1844183564567587,3.0,250.0
1455,0,9,5,3.1844183564567587,3.0,250.0
1456,0,11,15,3.7,54.0,250.0
1457,0,11,20,3.7,54.0,250.0
1458,0,11,17,3.7,54.0,250.0
1459,0,11,13,3.7,54.0,250.0
1460,0,11,5,3.7,54.0,250.0
1461,0,6,29,3.1844183564567587,2.0,250.0
1462,0,6,15,3.1844183564567587,2.0,250.0
1463,0,0,15,3.1844183564567587,7.0,250.0
1464,0,0,17,3.1844183564567587,7.0,250.0
1465,0,0,5,3.1844183564567587,7.0,250.0
1466,0,0,7,3.1844183564567587,7.0,250.0
1467,0,0,36,3.1844183564567587,7.0,250.0
1468,0,0,33,3.1844183564567587,7.0,250.0
1469,0,0,46,3.1844183564567587,7.0,250.0
1472,0,6,40,3.1844183564567587,1.0,250.0
1473,0,6,4,3.1844183564567587,3.0,250.0
1474,0,6,13,3.1844183564567587,3.0,250.0
1475,0,6,29,3.1844183564567587,3.0,250.0
1476,0,6,15,3.1844183564567587,3.0,250.0
1477,0,9,15,3.1844183564567587,9.0,250.0
1478,0,9,5,3.1844183564567587,9.0,250.0
1479,0,4,26,3.9,49.0,250.0
1480,0,4,40,3.9,49.0,250.0
1481,0,9,29,4.0,24.0,250.0
1482,0,9,15,4.0,24.0,250.0
1483,0,9,10,4.0,24.0,250.0
1484,0,11,7,4.0,17.0,250.0
1485,0,11,33,4.0,17.0,250.0
1486,0,11,15,4.0,17.0,250.0
1487,0,11,29,4.0,17.0,250.0
1488,0,6,15,3.0,24.0,250.0
1489,0,6,5,3.0,24.0,250.0
1490,0,6,19,3.0,24.0,250.0
1491,0,6,13,3.0,24.0,250.0
1492,0,6,38,3.0,24.0,250.0
1493,0,9,15,3.1844183564567587,1.0,250.0
1494,0,9,10,3.1844183564567587,1.0,250.0
1495,0,9,5,3.1844183564567587,1.0,250.0
1496,0,0,5,3.1844183564567587,7.0,100.0
1497,0,0,15,3.1844183564567587,7.0,100.0
1498,0,9,29,3.1844183564567587,2.0,100.0
1499,0,9,28,3.1844183564567587,2.0,100.0
1500,0,9,7,3.1844183564567587,2.0,100.0
1501,0,9,23,3.1844183564567587,2.0,100.0
1502,0,7,33,4.0,35.0,100.0
1503,0,7,15,4.0,35.0,100.0
1504,0,7,5,4.0,35.0,100.0
1505,0,1,33,3.1844183564567587,8.0,100.0
1506,0,1,15,3.1844183564567587,8.0,100.0
1507,0,1,29,3.1844183564567587,31.0,100.0
1508,0,1,28,3.1844183564567587,31.0,100.0
1509,0,0,29,3.1844183564567587,7.0,100.0
1510,0,0,10,3.1844183564567587,7.0,100.0
1511,0,0,36,3.1844183564567587,7.0,100.0
1512,0,0,15,3.1844183564567587,7.0,100.0
1513,0,0,13,3.1844183564567587,7.0,100.0
1514,0,0,29,3.1844183564567587,11.0,100.0
1515,0,0,7,3.1844183564567587,11.0,100.0
1516,0,11,25,2.7,24.0,100.0
1517,0,11,15,2.7,24.0,100.0
1518,0,11,5,2.7,24.0,100.0
1519,0,4,10,3.1844183564567587,1.0,100.0
1520,0,0,15,3.1844183564567587,6.0,100.0
1521,0,0,40,3.1844183564567587,6.0,100.0
1522,0,0,10,3.1844183564567587,6.0,100.0
1523,0,11,29,3.1844183564567587,8.0,100.0
1524,0,11,10,3.1844183564567587,8.0,100.0
1525,0,11,15,3.1844183564567587,8.0,100.0
1526,0,11,5,3.1844183564567587,8.0,100.0
1529,0,5,29,3.1844183564567587,0.0,200.0
1530,0,5,10,3.1844183564567587,0.0,200.0
1531,0,5,15,3.1844183564567587,0.0,200.0
1532,0,3,15,3.1844183564567587,1.0,200.0
1533,0,3,39,3.1844183564567587,1.0,200.0
1534,0,9,15,3.1844183564567587,0.0,200.0
1535,0,9,7,3.1844183564567587,0.0,200.0
1536,0,9,15,3.1844183564567587,0.0,200.0
1537,0,9,13,3.1844183564567587,0.0,200.0
1538,0,9,36,3.1844183564567587,0.0,200.0
1539,0,5,6,3.1844183564567587,1.0,200.0
1540,0,0,15,3.1844183564567587,7.0,200.0
1541,0,0,33,3.1844183564567587,7.0,200.0
1542,0,0,5,3.1844183564567587,7.0,200.0
1543,0,9,40,3.1844183564567587,1.0,200.0
1544,0,9,9,3.1844183564567587,10.0,200.0
1545,0,9,17,3.1844183564567587,10.0,200.0
1546,0,9,15,3.1844183564567587,10.0,200.0
1547,0,9,46,3.1844183564567587,10.0,200.0
1548,0,9,36,3.1844183564567587,10.0,200.0
1549,0,9,5,3.1844183564567587,10.0,200.0
1550,0,0,29,3.1844183564567587,1.0,200.0
1551,0,9,29,3.1844183564567587,1.0,200.0
1552,0,0,39,3.1844183564567587,0.0,50.0
1553,0,3,29,3.1844183564567587,0.0,50.0
1554,0,3,15,3.1844183564567587,0.0,50.0
1555,0,3,10,3.1844183564567587,0.0,50.0
1556,0,3,34,3.1844183564567587,0.0,50.0
1557,0,3,5,3.1844183564567587,0.0,50.0
1558,0,7,29,3.1844183564567587,0.0,50.0
1559,0,7,15,3.1844183564567587,0.0,50.0
1560,0,7,5,3.1844183564567587,0.0,50.0
1561,0,5,20,3.1844183564567587,0.0,50.0
1562,0,5,36,3.1844183564567587,0.0,50.0
1563,0,5,7,3.1844183564567587,0.0,50.0
1564,0,5,10,3.1844183564567587,0.0,50.0
1565,0,5,40,3.1844183564567587,0.0,50.0
1566,0,5,5,3.1844183564567587,0.0,50.0
1567,0,7,15,3.1844183564567587,1.0,50.0
1568,0,7,7,3.1844183564567587,1.0,50.0
1569,0,5,29,3.1844183564567587,7.0,50.0
1570,0,5,10,3.1844183564567587,7.0,50.0
1571,0,5,15,3.1844183564567587,7.0,50.0
1572,0,5,13,3.1844183564567587,7.0,50.0
1573,0,7,4,3.1844183564567587,0.0,50.0
1574,0,7,5,3.1844183564567587,0.0,50.0
1575,0,6,33,3.1844183564567587,8.0,50.0
1594,0,9,29,3.1844183564567587,0.0,100.0
1595,0,9,40,3.1844183564567587,0.0,100.0
1596,0,0,29,3.1844183564567587,0.0,100.0
1597,0,1,15,3.1844183564567587,3.0,100.0
1598,0,1,10,3.1844183564567587,3.0,100.0
1599,0,2,29,3.1844183564567587,0.0,100.0
1600,0,0,15,3.1844183564567587,2.0,100.0
1601,0,0,36,3.1844183564567587,2.0,100.0
1612,0,7,15,3.1844183564567587,2.0,200.0
1613,0,7,34,3.1844183564567587,2.0,200.0
1627,0,5,29,3.1844183564567587,0.0,200.0
1628,0,5,23,3.1844183564567587,0.0,200.0
1629,0,5,10,3.1844183564567587,0.0,200.0
1630,0,5,15,3.1844183564567587,0.0,200.0
1631,0,5,28,3.1844183564567587,0.0,200.0
1632,0,4,15,3.5,60.0,200.0
1633,0,4,10,3.5,60.0,200.0
1634,0,4,38,3.5,60.0,200.0
1635,0,11,29,3.1844183564567587,15.0,350.0
1636,0,11,28,3.1844183564567587,15.0,350.0
1637,0,0,15,3.4,30.0,350.0
1638,0,0,5,3.4,30.0,350.0
1639,0,0,35,3.4,30.0,350.0
1640,0,0,17,3.4,30.0,350.0
1641,0,0,7,3.4,30.0,350.0
1642,0,0,36,3.4,30.0,350.0
1643,0,0,46,3.4,30.0,350.0
1650,0,0,29,3.1844183564567587,10.0,350.0
1651,0,1,15,3.1844183564567587,5.0,350.0
1652,0,1,27,3.1844183564567587,5.0,350.0
1653,0,9,29,3.1844183564567587,2.0,350.0
1654,0,9,10,3.1844183564567587,2.0,350.0
1661,0,0,29,4.3,649.0,350.0
1662,0,0,7,2.8,70.0,350.0
1663,0,0,15,2.8,70.0,350.0
1664,0,9,10,4.0,21.0,350.0
1665,0,9,29,4.0,21.0,350.0
1666,0,9,5,4.0,21.0,350.0
1667,0,9,28,4.0,21.0,350.0
1668,0,9,15,4.0,21.0,350.0
1669,0,6,7,3.1844183564567587,10.0,100.0
1670,0,6,15,3.1844183564567587,10.0,100.0
1671,0,6,10,3.1844183564567587,10.0,100.0
1672,0,6,5,3.1844183564567587,10.0,100.0
1673,0,11,15,3.7,15.0,100.0
1674,0,11,19,3.7,15.0,100.0
1675,0,11,5,3.7,15.0,100.0
1676,0,11,15,3.6,53.0,100.0
1677,0,9,12,3.1844183564567587,18.0,100.0
1678,0,9,29,3.1844183564567587,18.0,100.0
1679,0,9,10,3.1844183564567587,18.0,100.0
1680,0,9,15,3.1844183564567587,18.0,100.0
1681,0,9,2,3.1844183564567587,18.0,100.0
1682,0,9,38,3.1844183564567587,18.0,100.0
1683,0,9,29,3.4,228.0,100.0
1684,0,9,10,3.4,228.0,100.0
1685,0,9,15,3.4,228.0,100.0
1686,0,9,37,3.4,228.0,100.0
1687,0,3,29,3.1844183564567587,19.0,100.0
1688,0,0,29,3.9,26.0,100.0
1689,0,0,10,3.9,26.0,100.0
1690,0,0,28,3.9,26.0,100.0
1691,0,5,10,4.0,12.0,100.0
1692,0,5,29,4.0,12.0,100.0
1693,0,5,15,4.0,12.0,100.0
1694,0,0,29,4.0,20.0,100.0
1695,0,0,10,4.0,20.0,100.0
1696,0,5,12,3.4,608.0,100.0
1697,0,5,10,3.4,608.0,100.0
1698,0,5,6,3.4,608.0,100.0
1699,0,5,36,3.4,608.0,100.0
1700,0,5,7,3.4,608.0,100.0
1701,0,5,29,3.4,608.0,100.0
1702,0,5,33,3.4,608.0,100.0
1703,0,5,19,3.4,608.0,100.0
1704,0,5,29,3.9,71.0,100.0
1705,0,5,10,3.9,71.0,100.0
1706,0,5,20,3.9,71.0,100.0
1707,0,5,15,3.9,71.0,100.0
1708,0,5,16,3.9,71.0,100.0
1709,0,5,34,3.9,71.0,100.0
1710,0,5,38,3.9,71.0,100.0
1711,0,9,29,4.2,11000.0,100.0
1712,0,9,28,4.2,11000.0,100.0
1713,0,9,34,4.2,11000.0,100.0
1714,0,7,24,4.1,177.0,100.0
1715,0,5,29,3.8,13000.0,100.0
1716,0,5,10,3.8,13000.0,100.0
1717,0,5,15,3.8,13000.0,100.0
1718,0,9,40,4.1,2836.0,100.0
1719,0,9,40,4.3,219.0,100.0
1720,0,9,40,4.4,1343.0,100.0
1721,0,11,29,3.9,7181.0,100.0
1722,0,11,15,3.9,7181.0,100.0
1723,0,11,27,3.9,7181.0,100.0
1724,0,11,10,3.9,7181.0,100.0
1725,0,11,5,3.9,7181.0,100.0
1726,0,5,27,4.0,836.0,100.0
1727,0,5,36,4.0,836.0,100.0
1728,0,5,5,4.0,836.0,100.0
1729,0,5,10,4.2,384.0,100.0
1730,0,9,35,4.1,529.0,100.0
1731,0,9,15,4.1,529.0,100.0
1732,0,9,5,4.1,529.0,100.0
1733,0,4,10,4.2,788.0,100.0
1734,0,4,15,4.2,788.0,100.0
1735,0,0,10,4.3,2111.0,100.0
1736,0,0,29,4.3,2111.0,100.0
1737,0,0,39,4.3,2111.0,100.0
1738,0,0,15,4.3,2111.0,100.0
1739,0,7,29,3.7,124.0,350.0
1740,0,7,10,3.7,124.0,350.0
1741,0,9,33,4.4,43.0,350.0
1742,0,9,36,4.4,43.0,350.0
1743,0,9,15,4.4,43.0,350.0
1744,0,9,7,4.4,43.0,350.0
1745,0,9,46,4.4,43.0,350.0
1746,0,7,29,3.5,27.0,350.0
1747,0,7,10,3.5,27.0,350.0
1748,0,7,23,3.5,27.0,350.0
1749,0,7,28,3.5,27.0,350.0
1750,0,11,10,3.7,12000.0,350.0
1751,0,11,5,3.7,12000.0,350.0
1752,0,11,7,3.7,12000.0,350.0
1753,0,11,20,3.7,12000.0,350.0
1754,0,11,33,3.7,12000.0,350.0
1755,0,8,6,3.1844183564567587,10.0,350.0
1756,0,8,24,3.1844183564567587,10.0,350.0
1757,0,8,29,3.1844183564567587,10.0,350.0
1758,0,8,19,4.6,104.0,350.0
1759,0,8,13,4.6,104.0,350.0
1760,0,9,34,4.0,28.0,350.0
1761,0,9,15,4.0,28.0,350.0
1762,0,5,5,3.8,503.0,350.0
1763,0,5,12,3.8,503.0,350.0
1764,0,5,25,3.8,503.0,350.0
1765,0,5,15,3.8,503.0,350.0
1766,0,5,13,3.8,503.0,350.0
1767,0,9,7,4.5,136.0,350.0
1768,0,9,36,4.5,136.0,350.0
1769,0,9,15,4.5,136.0,350.0
1770,0,0,40,4.0,40.0,350.0
1771,0,1,29,4.0,23.0,350.0
1772,0,6,29,3.3,22.0,350.0
1773,0,6,5,3.3,22.0,350.0
1774,0,0,29,3.7,9445.0,200.0
1775,0,0,10,3.7,9445.0,200.0
1776,0,0,28,3.7,9445.0,200.0
1777,0,6,15,3.7,28.0,200.0
1778,0,6,20,3.7,28.0,200.0
1779,0,6,33,3.7,28.0,200.0
1780,0,6,5,3.7,28.0,200.0
1781,0,6,29,4.0,18.0,200.0
1782,0,9,15,4.1,88.0,200.0
1783,0,9,10,4.1,88.0,200.0
1784,0,9,29,4.1,88.0,200.0
1785,0,0,4,4.0,20.0,200.0
1786,0,0,15,4.0,20.0,200.0
1787,0,9,15,4.0,1264.0,200.0
1788,0,9,36,4.0,1264.0,200.0
1789,0,9,7,4.0,1264.0,200.0
1790,0,9,33,4.0,1264.0,200.0
1791,0,9,5,4.0,1264.0,200.0
1792,0,9,15,4.0,283.0,200.0
1793,0,9,29,4.0,283.0,200.0
1794,0,11,40,3.1844183564567587,2.0,200.0
1795,0,11,19,3.1844183564567587,2.0,200.0
1796,0,0,15,3.1844183564567587,3.0,200.0
1797,0,0,5,3.1844183564567587,3.0,200.0
1798,0,0,33,3.1844183564567587,3.0,200.0
1799,0,0,36,3.1844183564567587,3.0,200.0
1800,0,0,7,3.1844183564567587,3.0,200.0
1801,0,9,4,3.1844183564567587,5.0,200.0
1802,0,9,15,3.1844183564567587,5.0,200.0
1803,0,11,29,3.4,18.0,200.0
1804,0,11,10,3.4,18.0,200.0
1805,0,11,23,3.4,18.0,200.0
1806,0,11,28,3.4,18.0,200.0
1807,0,11,6,3.4,18.0,200.0
1808,0,11,15,3.4,18.0,200.0
1809,0,11,5,3.4,18.0,200.0
1810,0,11,29,3.8,96.0,200.0
1811,0,11,15,3.8,96.0,200.0
1812,0,11,10,3.8,96.0,200.0
1813,0,11,5,3.8,96.0,200.0
1814,0,11,36,3.4,48.0,200.0
1815,0,11,7,3.4,48.0,200.0
1816,0,11,5,3.4,48.0,200.0
1817,0,11,29,3.4,48.0,200.0
1818,0,11,6,3.4,48.0,200.0
1819,0,11,10,3.4,48.0,200.0
1820,0,9,7,3.1844183564567587,0.0,200.0
1821,0,9,15,3.1844183564567587,0.0,200.0
1822,0,9,5,3.1844183564567587,0.0,200.0
1823,0,9,15,3.1844183564567587,0.0,200.0
1824,0,9,10,3.1844183564567587,0.0,200.0
1825,0,7,29,4.5,94.0,200.0
1826,0,7,28,4.5,94.0,200.0
1827,0,9,29,3.1844183564567587,2.0,200.0
1828,0,9,29,4.0,435.0,200.0
1829,0,9,6,4.0,435.0,200.0
1830,0,9,10,4.0,435.0,200.0
1831,0,9,35,4.0,435.0,200.0
1832,0,9,20,4.0,435.0,200.0
1833,0,9,13,4.0,435.0,200.0
1834,0,9,19,4.0,435.0,200.0
1835,0,9,5,4.0,435.0,200.0
1836,0,0,15,2.7,16.0,200.0
1837,0,0,10,2.7,16.0,200.0
1838,0,0,20,2.7,16.0,200.0
1839,0,0,29,2.7,16.0,200.0
1840,0,0,35,2.7,16.0,200.0
1841,0,2,29,3.1844183564567587,14.0,200.0
1842,0,2,40,3.1844183564567587,14.0,200.0
1843,0,2,15,3.1844183564567587,14.0,200.0
1844,0,0,29,4.6,116.0,200.0
1845,0,0,15,4.6,116.0,200.0
1846,0,0,34,4.6,116.0,200.0
1847,0,8,33,3.1844183564567587,0.0,200.0
1848,0,8,15,3.1844183564567587,0.0,200.0
1849,0,8,29,3.1844183564567587,0.0,200.0
1850,0,8,5,3.1844183564567587,0.0,200.0
1851,0,11,39,3.4,25.0,200.0
1852,0,9,40,3.1844183564567587,14.0,200.0
1853,0,9,15,3.1844183564567587,14.0,200.0
1854,0,4,15,3.1844183564567587,0.0,100.0
1855,0,4,33,3.1844183564567587,0.0,100.0
1856,0,4,5,3.1844183564567587,0.0,100.0
1857,0,0,15,3.1844183564567587,4.0,100.0
1858,0,5,20,3.1844183564567587,2.0,100.0
1859,0,5,15,3.1844183564567587,2.0,100.0
1860,0,11,15,4.0,19.0,100.0
1861,0,7,29,3.1844183564567587,4.0,100.0
1862,0,7,10,3.1844183564567587,4.0,100.0
1863,0,7,28,3.1844183564567587,4.0,100.0
1864,0,7,34,3.1844183564567587,4.0,100.0
1865,0,2,29,3.1844183564567587,13.0,100.0
1866,0,11,29,3.1844183564567587,7.0,100.0
1867,0,11,15,3.1844183564567587,7.0,100.0
1868,0,5,15,3.5,86.0,100.0
1869,0,5,7,3.5,86.0,100.0
1870,0,5,5,3.5,86.0,100.0
1871,0,5,38,3.5,86.0,100.0
1872,0,11,29,3.1844183564567587,1.0,100.0
1873,0,11,27,3.1844183564567587,1.0,100.0
1874,0,11,10,3.1844183564567587,1.0,100.0
1875,0,0,29,3.6,22.0,100.0
1876,0,0,34,3.6,22.0,100.0
1877,0,2,13,3.1844183564567587,9.0,100.0
1878,0,5,29,3.1844183564567587,0.0,100.0
1879,0,5,29,3.1844183564567587,0.0,100.0
1880,0,6,10,3.1844183564567587,8.0,100.0
1881,0,6,15,3.1844183564567587,8.0,100.0
1882,0,5,29,3.1844183564567587,0.0,100.0
1883,0,0,15,3.1844183564567587,2.0,100.0
1884,0,7,29,3.6,24.0,100.0
1885,0,5,27,3.1844183564567587,5.0,100.0
1886,0,5,34,3.1844183564567587,5.0,100.0
1887,0,5,29,3.1844183564567587,5.0,100.0
1888,0,5,33,3.1844183564567587,1.0,100.0
1889,0,5,11,3.1844183564567587,1.0,100.0
1890,0,5,38,3.1844183564567587,1.0,100.0
1891,0,1,15,3.1844183564567587,5.0,100.0
1892,0,1,10,3.1844183564567587,5.0,100.0
1893,0,1,7,3.1844183564567587,5.0,100.0
1894,0,1,36,3.1844183564567587,5.0,100.0
1895,0,1,29,3.1844183564567587,5.0,100.0
1896,0,7,36,3.1844183564567587,12.0,100.0
1897,0,7,7,3.1844183564567587,12.0,100.0
1898,0,7,1,3.1844183564567587,12.0,100.0
1899,0,7,15,3.1844183564567587,12.0,100.0
1900,0,7,46,3.1844183564567587,12.0,100.0
1901,0,7,5,3.1844183564567587,12.0,100.0
1902,0,7,10,3.1844183564567587,12.0,100.0
1903,0,4,29,3.1844183564567587,5.0,100.0
1904,0,7,29,3.1844183564567587,3.0,100.0
1905,0,7,10,3.1844183564567587,3.0,100.0
1906,0,7,28,3.1844183564567587,3.0,100.0
1907,0,7,29,3.9,59.0,100.0
1908,0,9,39,3.1844183564567587,0.0,100.0
1909,0,0,29,3.1844183564567587,0.0,100.0
1910,0,3,29,3.1844183564567587,4.0,100.0
1911,0,3,15,3.1844183564567587,4.0,100.0
1912,0,9,29,3.1844183564567587,15.0,100.0
1913,0,2,15,3.1844183564567587,1.0,100.0
1914,0,2,33,3.1844183564567587,1.0,100.0
1915,0,1,29,3.1844183564567587,1.0,100.0
1916,0,0,15,3.6,39.0,100.0
1917,0,0,40,3.6,39.0,100.0
1918,0,6,29,4.3,75.0,100.0
1919,0,6,10,4.3,75.0,100.0
1920,0,6,15,4.3,75.0,100.0
1921,0,6,12,4.3,75.0,100.0
1922,0,6,38,4.3,75.0,100.0
1923,0,5,10,3.8,138.0,100.0
1924,0,7,10,3.9,10000.0,100.0
1925,0,7,29,3.9,10000.0,100.0
1926,0,7,15,3.9,10000.0,100.0
1927,0,0,29,4.0,6547.0,100.0
1928,0,0,6,4.0,6547.0,100.0
1929,0,0,10,4.0,6547.0,100.0
1930,0,0,37,4.0,6547.0,100.0
1931,0,7,29,3.9,1203.0,100.0
1932,0,7,10,3.9,1203.0,100.0
1933,0,7,23,3.9,1203.0,100.0
1934,0,7,28,3.9,1203.0,100.0
1935,0,9,7,3.7,1015.0,100.0
1936,0,9,15,3.7,1015.0,100.0
1937,0,0,7,4.4,367.0,100.0
1938,0,0,15,4.4,367.0,100.0
1939,0,0,7,4.2,256.0,100.0
1940,0,0,29,4.2,256.0,100.0
1941,0,0,15,3.1844183564567587,2.0,100.0
1942,0,0,7,3.1844183564567587,2.0,100.0
1943,0,8,15,3.1844183564567587,0.0,100.0
1944,0,9,12,3.8,36.0,100.0
1945,0,9,29,3.8,36.0,100.0
1946,0,9,28,3.8,36.0,100.0
1947,0,9,10,3.8,36.0,100.0
1948,0,9,38,3.8,36.0,100.0
1949,0,9,15,4.2,668.0,100.0
1950,0,9,32,4.2,668.0,100.0
1951,0,9,34,4.2,668.0,100.0
1952,0,9,7,4.2,668.0,100.0
1953,0,9,17,4.2,668.0,100.0
1954,0,9,36,4.2,668.0,100.0
1955,0,9,5,4.2,668.0,100.0
1956,0,9,38,4.2,668.0,100.0
1957,0,0,29,4.0,370.0,100.0
1958,0,0,10,4.0,370.0,100.0
1959,0,0,28,4.0,370.0,100.0
1960,0,0,23,4.0,370.0,100.0
1961,0,0,5,4.0,370.0,100.0
1962,0,0,29,3.9,264.0,100.0
1963,0,0,15,4.1,549.0,100.0
1964,0,0,10,4.1,549.0,100.0
1965,0,0,34,4.1,549.0,100.0
1966,0,0,7,4.1,549.0,100.0
1967,0,0,33,4.1,549.0,100.0
1968,0,9,29,4.0,20.0,100.0
1969,0,9,29,3.5,388.0,100.0
1970,0,9,28,3.5,388.0,100.0
1971,0,9,34,4.1,97.0,150.0
1972,0,9,29,4.1,97.0,150.0
1975,0,9,7,4.4,321.0,150.0
1976,0,9,10,4.4,321.0,150.0
